student_id,at_risk,recommendation
S0001,0,"Focus more on these difficult topics: Optimization, ML Basics."
S0002,0,"Focus more on these difficult topics: Optimization, ML Basics."
S0003,1,"Increase class attendance and engagement levels. Focus more on these difficult topics: Optimization, ML Basics."
S0004,0,"Focus more on these difficult topics: Optimization, ML Basics."
S0005,1,"Increase class attendance and engagement levels. Focus more on these difficult topics: Optimization, ML Basics."
S0006,0,"Focus more on these difficult topics: Optimization, ML Basics."
S0007,0,"Focus more on these difficult topics: Optimization, ML Basics."
S0008,1,"Increase class attendance and engagement levels. Focus more on these difficult topics: Optimization, ML Basics."
S0009,0,"Focus more on these difficult topics: Optimization, ML Basics."
S0010,0,"Focus more on these difficult topics: Optimization, ML Basics."
S0011,0,"Focus more on these difficult topics: Optimization, ML Basics."
S0012,1,"Increase class attendance and engagement levels. Focus more on these difficult topics: Optimization, ML Basics."
S0013,0,"Focus more on these difficult topics: Optimization, ML Basics."
S0014,1,"Increase class attendance and engagement levels. Focus more on these difficult topics: Optimization, ML Basics."
S0015,0,"Focus more on these difficult topics: Optimization, ML Basics."
S0016,1,"Increase class attendance and engagement levels. Focus more on these difficult topics: Optimization, ML Basics."
S0017,0,"Focus more on these difficult topics: Optimization, ML Basics."
S0018,0,"Focus more on these difficult topics: Optimization, ML Basics."
S0019,0,"Focus more on these difficult topics: Optimization, ML Basics."
S0020,0,"Focus more on these difficult topics: Optimization, ML Basics."
S0021,0,"Focus more on these difficult topics: Optimization, ML Basics."
S0022,0,"Focus more on these difficult topics: Optimization, ML Basics."
S0023,0,"Focus more on these difficult topics: Optimization, ML Basics."
S0024,0,"Focus more on these difficult topics: Optimization, ML Basics."
S0025,0,"Focus more on these difficult topics: Optimization, ML Basics."
S0026,0,"Focus more on these difficult topics: Optimization, ML Basics."
S0027,0,"Focus more on these difficult topics: Optimization, ML Basics."
S0028,0,"Focus more on these difficult topics: Optimization, ML Basics."
S0029,1,"Increase class attendance and engagement levels. Focus more on these difficult topics: Optimization, ML Basics."
S0030,1,"Increase class attendance and engagement levels. Focus more on these difficult topics: Optimization, ML Basics."
S0031,0,"Focus more on these difficult topics: Optimization, ML Basics."
S0032,1,"Increase class attendance and engagement levels. Focus more on these difficult topics: Optimization, ML Basics."
S0033,0,"Focus more on these difficult topics: Optimization, ML Basics."
S0034,1,"Increase class attendance and engagement levels. Focus more on these difficult topics: Optimization, ML Basics."
S0035,0,"Focus more on these difficult topics: Optimization, ML Basics."
S0036,0,"Focus more on these difficult topics: Optimization, ML Basics."
S0037,0,"Focus more on these difficult topics: Optimization, ML Basics."
S0038,0,"Focus more on these difficult topics: Optimization, ML Basics."
S0039,1,"Increase class attendance and engagement levels. Focus more on these difficult topics: Optimization, ML Basics."
S0040,1,"Increase class attendance and engagement levels. Focus more on these difficult topics: Optimization, ML Basics."
S0041,0,"Focus more on these difficult topics: Optimization, ML Basics."
S0042,0,"Focus more on these difficult topics: Optimization, ML Basics."
S0043,0,"Focus more on these difficult topics: Optimization, ML Basics."
S0044,0,"Focus more on these difficult topics: Optimization, ML Basics."
S0045,0,"Focus more on these difficult topics: Optimization, ML Basics."
S0046,0,"Focus more on these difficult topics: Optimization, ML Basics."
S0047,0,"Focus more on these difficult topics: Optimization, ML Basics."
S0048,0,"Focus more on these difficult topics: Optimization, ML Basics."
S0049,0,"Focus more on these difficult topics: Optimization, ML Basics."
S0050,0,"Focus more on these difficult topics: Optimization, ML Basics."
S0051,0,"Focus more on these difficult topics: Optimization, ML Basics."
S0052,0,"Focus more on these difficult topics: Optimization, ML Basics."
S0053,0,"Focus more on these difficult topics: Optimization, ML Basics."
S0054,0,"Focus more on these difficult topics: Optimization, ML Basics."
S0055,0,"Focus more on these difficult topics: Optimization, ML Basics."
S0056,1,"Increase class attendance and engagement levels. Focus more on these difficult topics: Optimization, ML Basics."
S0057,1,"Increase class attendance and engagement levels. Focus more on these difficult topics: Optimization, ML Basics."
S0058,0,"Focus more on these difficult topics: Optimization, ML Basics."
S0059,0,"Focus more on these difficult topics: Optimization, ML Basics."
S0060,0,"Focus more on these difficult topics: Optimization, ML Basics."
S0061,0,"Focus more on these difficult topics: Optimization, ML Basics."
S0062,0,"Focus more on these difficult topics: Optimization, ML Basics."
S0063,0,"Focus more on these difficult topics: Optimization, ML Basics."
S0064,0,"Focus more on these difficult topics: Optimization, ML Basics."
S0065,1,"Increase class attendance and engagement levels. Focus more on these difficult topics: Optimization, ML Basics."
S0066,0,"Focus more on these difficult topics: Optimization, ML Basics."
S0067,0,"Focus more on these difficult topics: Optimization, ML Basics."
S0068,1,"Increase class attendance and engagement levels. Focus more on these difficult topics: Optimization, ML Basics."
S0069,1,"Increase class attendance and engagement levels. Focus more on these difficult topics: Optimization, ML Basics."
S0070,1,"Increase class attendance and engagement levels. Focus more on these difficult topics: Optimization, ML Basics."
S0071,1,"Increase class attendance and engagement levels. Focus more on these difficult topics: Optimization, ML Basics."
S0072,0,"Focus more on these difficult topics: Optimization, ML Basics."
S0073,1,"Increase class attendance and engagement levels. Focus more on these difficult topics: Optimization, ML Basics."
S0074,1,"Increase class attendance and engagement levels. Focus more on these difficult topics: Optimization, ML Basics."
S0075,0,"Focus more on these difficult topics: Optimization, ML Basics."
S0076,0,"Focus more on these difficult topics: Optimization, ML Basics."
S0077,0,"Focus more on these difficult topics: Optimization, ML Basics."
S0078,1,"Increase class attendance and engagement levels. Focus more on these difficult topics: Optimization, ML Basics."
S0079,0,"Focus more on these difficult topics: Optimization, ML Basics."
S0080,0,"Focus more on these difficult topics: Optimization, ML Basics."
S0081,1,"Increase class attendance and engagement levels. Focus more on these difficult topics: Optimization, ML Basics."
S0082,1,"Increase class attendance and engagement levels. Focus more on these difficult topics: Optimization, ML Basics."
S0083,0,"Focus more on these difficult topics: Optimization, ML Basics."
S0084,0,"Focus more on these difficult topics: Optimization, ML Basics."
S0085,0,"Focus more on these difficult topics: Optimization, ML Basics."
S0086,0,"Focus more on these difficult topics: Optimization, ML Basics."
S0087,0,"Focus more on these difficult topics: Optimization, ML Basics."
S0088,0,"Focus more on these difficult topics: Optimization, ML Basics."
S0089,0,"Focus more on these difficult topics: Optimization, ML Basics."
S0090,0,"Focus more on these difficult topics: Optimization, ML Basics."
S0091,1,"Increase class attendance and engagement levels. Focus more on these difficult topics: Optimization, ML Basics."
S0092,0,"Focus more on these difficult topics: Optimization, ML Basics."
S0093,1,"Increase class attendance and engagement levels. Focus more on these difficult topics: Optimization, ML Basics."
S0094,0,"Focus more on these difficult topics: Optimization, ML Basics."
S0095,0,"Focus more on these difficult topics: Optimization, ML Basics."
S0096,1,"Increase class attendance and engagement levels. Focus more on these difficult topics: Optimization, ML Basics."
S0097,1,"Increase class attendance and engagement levels. Focus more on these difficult topics: Optimization, ML Basics."
S0098,0,"Focus more on these difficult topics: Optimization, ML Basics."
S0099,0,"Focus more on these difficult topics: Optimization, ML Basics."
S0100,0,"Focus more on these difficult topics: Optimization, ML Basics."
S0101,0,"Focus more on these difficult topics: Optimization, ML Basics."
S0102,1,"Increase class attendance and engagement levels. Focus more on these difficult topics: Optimization, ML Basics."
S0103,0,"Focus more on these difficult topics: Optimization, ML Basics."
S0104,0,"Focus more on these difficult topics: Optimization, ML Basics."
S0105,0,"Focus more on these difficult topics: Optimization, ML Basics."
S0106,0,"Focus more on these difficult topics: Optimization, ML Basics."
S0107,0,"Focus more on these difficult topics: Optimization, ML Basics."
S0108,1,"Increase class attendance and engagement levels. Focus more on these difficult topics: Optimization, ML Basics."
S0109,1,"Increase class attendance and engagement levels. Focus more on these difficult topics: Optimization, ML Basics."
S0110,0,"Focus more on these difficult topics: Optimization, ML Basics."
S0111,0,"Focus more on these difficult topics: Optimization, ML Basics."
S0112,0,"Focus more on these difficult topics: Optimization, ML Basics."
S0113,0,"Focus more on these difficult topics: Optimization, ML Basics."
S0114,0,"Focus more on these difficult topics: Optimization, ML Basics."
S0115,1,"Increase class attendance and engagement levels. Focus more on these difficult topics: Optimization, ML Basics."
S0116,0,"Focus more on these difficult topics: Optimization, ML Basics."
S0117,0,"Focus more on these difficult topics: Optimization, ML Basics."
S0118,0,"Focus more on these difficult topics: Optimization, ML Basics."
S0119,0,"Focus more on these difficult topics: Optimization, ML Basics."
S0120,0,"Focus more on these difficult topics: Optimization, ML Basics."
S0121,0,"Focus more on these difficult topics: Optimization, ML Basics."
S0122,1,"Increase class attendance and engagement levels. Focus more on these difficult topics: Optimization, ML Basics."
S0123,0,"Focus more on these difficult topics: Optimization, ML Basics."
S0124,0,"Focus more on these difficult topics: Optimization, ML Basics."
S0125,0,"Focus more on these difficult topics: Optimization, ML Basics."
S0126,0,"Focus more on these difficult topics: Optimization, ML Basics."
S0127,0,"Focus more on these difficult topics: Optimization, ML Basics."
S0128,1,"Increase class attendance and engagement levels. Focus more on these difficult topics: Optimization, ML Basics."
S0129,0,"Focus more on these difficult topics: Optimization, ML Basics."
S0130,0,"Focus more on these difficult topics: Optimization, ML Basics."
S0131,1,"Increase class attendance and engagement levels. Focus more on these difficult topics: Optimization, ML Basics."
S0132,0,"Focus more on these difficult topics: Optimization, ML Basics."
S0133,0,"Focus more on these difficult topics: Optimization, ML Basics."
S0134,1,"Increase class attendance and engagement levels. Focus more on these difficult topics: Optimization, ML Basics."
S0135,1,"Increase class attendance and engagement levels. Focus more on these difficult topics: Optimization, ML Basics."
S0136,0,"Focus more on these difficult topics: Optimization, ML Basics."
S0137,0,"Focus more on these difficult topics: Optimization, ML Basics."
S0138,0,"Focus more on these difficult topics: Optimization, ML Basics."
S0139,0,"Focus more on these difficult topics: Optimization, ML Basics."
S0140,0,"Focus more on these difficult topics: Optimization, ML Basics."
S0141,0,"Focus more on these difficult topics: Optimization, ML Basics."
S0142,1,"Increase class attendance and engagement levels. Focus more on these difficult topics: Optimization, ML Basics."
S0143,0,"Focus more on these difficult topics: Optimization, ML Basics."
S0144,0,"Focus more on these difficult topics: Optimization, ML Basics."
S0145,1,"Increase class attendance and engagement levels. Focus more on these difficult topics: Optimization, ML Basics."
S0146,0,"Focus more on these difficult topics: Optimization, ML Basics."
S0147,1,"Increase class attendance and engagement levels. Focus more on these difficult topics: Optimization, ML Basics."
S0148,0,"Focus more on these difficult topics: Optimization, ML Basics."
S0149,0,"Focus more on these difficult topics: Optimization, ML Basics."
S0150,0,"Focus more on these difficult topics: Optimization, ML Basics."
S0151,0,"Focus more on these difficult topics: Optimization, ML Basics."
S0152,1,"Increase class attendance and engagement levels. Focus more on these difficult topics: Optimization, ML Basics."
S0153,0,"Focus more on these difficult topics: Optimization, ML Basics."
S0154,0,"Focus more on these difficult topics: Optimization, ML Basics."
S0155,1,"Increase class attendance and engagement levels. Focus more on these difficult topics: Optimization, ML Basics."
S0156,0,"Focus more on these difficult topics: Optimization, ML Basics."
S0157,0,"Focus more on these difficult topics: Optimization, ML Basics."
S0158,0,"Focus more on these difficult topics: Optimization, ML Basics."
S0159,1,"Increase class attendance and engagement levels. Focus more on these difficult topics: Optimization, ML Basics."
S0160,1,"Increase class attendance and engagement levels. Focus more on these difficult topics: Optimization, ML Basics."
S0161,0,"Focus more on these difficult topics: Optimization, ML Basics."
S0162,1,"Increase class attendance and engagement levels. Focus more on these difficult topics: Optimization, ML Basics."
S0163,0,"Focus more on these difficult topics: Optimization, ML Basics."
S0164,1,"Increase class attendance and engagement levels. Focus more on these difficult topics: Optimization, ML Basics."
S0165,1,"Increase class attendance and engagement levels. Focus more on these difficult topics: Optimization, ML Basics."
S0166,0,"Focus more on these difficult topics: Optimization, ML Basics."
S0167,1,"Increase class attendance and engagement levels. Focus more on these difficult topics: Optimization, ML Basics."
S0168,1,"Increase class attendance and engagement levels. Focus more on these difficult topics: Optimization, ML Basics."
S0169,0,"Focus more on these difficult topics: Optimization, ML Basics."
S0170,1,"Increase class attendance and engagement levels. Focus more on these difficult topics: Optimization, ML Basics."
S0171,0,"Focus more on these difficult topics: Optimization, ML Basics."
S0172,0,"Focus more on these difficult topics: Optimization, ML Basics."
S0173,0,"Focus more on these difficult topics: Optimization, ML Basics."
S0174,1,"Increase class attendance and engagement levels. Focus more on these difficult topics: Optimization, ML Basics."
S0175,0,"Focus more on these difficult topics: Optimization, ML Basics."
S0176,1,"Increase class attendance and engagement levels. Focus more on these difficult topics: Optimization, ML Basics."
S0177,1,"Increase class attendance and engagement levels. Focus more on these difficult topics: Optimization, ML Basics."
S0178,1,"Increase class attendance and engagement levels. Focus more on these difficult topics: Optimization, ML Basics."
S0179,0,"Focus more on these difficult topics: Optimization, ML Basics."
S0180,0,"Focus more on these difficult topics: Optimization, ML Basics."
S0181,1,"Increase class attendance and engagement levels. Focus more on these difficult topics: Optimization, ML Basics."
S0182,0,"Focus more on these difficult topics: Optimization, ML Basics."
S0183,1,"Increase class attendance and engagement levels. Focus more on these difficult topics: Optimization, ML Basics."
S0184,0,"Focus more on these difficult topics: Optimization, ML Basics."
S0185,0,"Focus more on these difficult topics: Optimization, ML Basics."
S0186,1,"Increase class attendance and engagement levels. Focus more on these difficult topics: Optimization, ML Basics."
S0187,0,"Focus more on these difficult topics: Optimization, ML Basics."
S0188,0,"Focus more on these difficult topics: Optimization, ML Basics."
S0189,1,"Increase class attendance and engagement levels. Focus more on these difficult topics: Optimization, ML Basics."
S0190,1,"Increase class attendance and engagement levels. Focus more on these difficult topics: Optimization, ML Basics."
S0191,0,"Focus more on these difficult topics: Optimization, ML Basics."
S0192,1,"Increase class attendance and engagement levels. Focus more on these difficult topics: Optimization, ML Basics."
S0193,1,"Increase class attendance and engagement levels. Focus more on these difficult topics: Optimization, ML Basics."
S0194,0,"Focus more on these difficult topics: Optimization, ML Basics."
S0195,0,"Focus more on these difficult topics: Optimization, ML Basics."
S0196,0,"Focus more on these difficult topics: Optimization, ML Basics."
S0197,1,"Increase class attendance and engagement levels. Focus more on these difficult topics: Optimization, ML Basics."
S0198,0,"Focus more on these difficult topics: Optimization, ML Basics."
S0199,0,"Focus more on these difficult topics: Optimization, ML Basics."
S0200,0,"Focus more on these difficult topics: Optimization, ML Basics."
S0201,1,"Increase class attendance and engagement levels. Focus more on these difficult topics: Optimization, ML Basics."
S0202,0,"Focus more on these difficult topics: Optimization, ML Basics."
S0203,1,"Increase class attendance and engagement levels. Focus more on these difficult topics: Optimization, ML Basics."
S0204,1,"Increase class attendance and engagement levels. Focus more on these difficult topics: Optimization, ML Basics."
S0205,0,"Focus more on these difficult topics: Optimization, ML Basics."
S0206,0,"Focus more on these difficult topics: Optimization, ML Basics."
S0207,0,"Focus more on these difficult topics: Optimization, ML Basics."
S0208,0,"Focus more on these difficult topics: Optimization, ML Basics."
S0209,0,"Focus more on these difficult topics: Optimization, ML Basics."
S0210,0,"Focus more on these difficult topics: Optimization, ML Basics."
S0211,0,"Focus more on these difficult topics: Optimization, ML Basics."
S0212,0,"Focus more on these difficult topics: Optimization, ML Basics."
S0213,0,"Focus more on these difficult topics: Optimization, ML Basics."
S0214,1,"Increase class attendance and engagement levels. Focus more on these difficult topics: Optimization, ML Basics."
S0215,0,"Focus more on these difficult topics: Optimization, ML Basics."
S0216,0,"Focus more on these difficult topics: Optimization, ML Basics."
S0217,1,"Increase class attendance and engagement levels. Focus more on these difficult topics: Optimization, ML Basics."
S0218,0,"Focus more on these difficult topics: Optimization, ML Basics."
S0219,0,"Focus more on these difficult topics: Optimization, ML Basics."
S0220,0,"Focus more on these difficult topics: Optimization, ML Basics."
S0221,1,"Increase class attendance and engagement levels. Focus more on these difficult topics: Optimization, ML Basics."
S0222,0,"Focus more on these difficult topics: Optimization, ML Basics."
S0223,1,"Increase class attendance and engagement levels. Focus more on these difficult topics: Optimization, ML Basics."
S0224,1,"Increase class attendance and engagement levels. Focus more on these difficult topics: Optimization, ML Basics."
S0225,1,"Increase class attendance and engagement levels. Focus more on these difficult topics: Optimization, ML Basics."
S0226,0,"Focus more on these difficult topics: Optimization, ML Basics."
S0227,1,"Increase class attendance and engagement levels. Focus more on these difficult topics: Optimization, ML Basics."
S0228,0,"Focus more on these difficult topics: Optimization, ML Basics."
S0229,1,"Increase class attendance and engagement levels. Focus more on these difficult topics: Optimization, ML Basics."
S0230,0,"Focus more on these difficult topics: Optimization, ML Basics."
S0231,0,"Focus more on these difficult topics: Optimization, ML Basics."
S0232,0,"Focus more on these difficult topics: Optimization, ML Basics."
S0233,0,"Focus more on these difficult topics: Optimization, ML Basics."
S0234,1,"Increase class attendance and engagement levels. Focus more on these difficult topics: Optimization, ML Basics."
S0235,0,"Focus more on these difficult topics: Optimization, ML Basics."
S0236,0,"Focus more on these difficult topics: Optimization, ML Basics."
S0237,1,"Increase class attendance and engagement levels. Focus more on these difficult topics: Optimization, ML Basics."
S0238,0,"Focus more on these difficult topics: Optimization, ML Basics."
S0239,1,"Increase class attendance and engagement levels. Focus more on these difficult topics: Optimization, ML Basics."
S0240,1,"Increase class attendance and engagement levels. Focus more on these difficult topics: Optimization, ML Basics."
S0241,0,"Focus more on these difficult topics: Optimization, ML Basics."
S0242,0,"Focus more on these difficult topics: Optimization, ML Basics."
S0243,1,"Increase class attendance and engagement levels. Focus more on these difficult topics: Optimization, ML Basics."
S0244,0,"Focus more on these difficult topics: Optimization, ML Basics."
S0245,1,"Increase class attendance and engagement levels. Focus more on these difficult topics: Optimization, ML Basics."
S0246,0,"Focus more on these difficult topics: Optimization, ML Basics."
S0247,1,"Increase class attendance and engagement levels. Focus more on these difficult topics: Optimization, ML Basics."
S0248,0,"Focus more on these difficult topics: Optimization, ML Basics."
S0249,1,"Increase class attendance and engagement levels. Focus more on these difficult topics: Optimization, ML Basics."
S0250,1,"Increase class attendance and engagement levels. Focus more on these difficult topics: Optimization, ML Basics."
S0251,1,"Increase class attendance and engagement levels. Focus more on these difficult topics: Optimization, ML Basics."
S0252,1,"Increase class attendance and engagement levels. Focus more on these difficult topics: Optimization, ML Basics."
S0253,1,"Increase class attendance and engagement levels. Focus more on these difficult topics: Optimization, ML Basics."
S0254,0,"Focus more on these difficult topics: Optimization, ML Basics."
S0255,1,"Increase class attendance and engagement levels. Focus more on these difficult topics: Optimization, ML Basics."
S0256,0,"Focus more on these difficult topics: Optimization, ML Basics."
S0257,0,"Focus more on these difficult topics: Optimization, ML Basics."
S0258,0,"Focus more on these difficult topics: Optimization, ML Basics."
S0259,1,"Increase class attendance and engagement levels. Focus more on these difficult topics: Optimization, ML Basics."
S0260,0,"Focus more on these difficult topics: Optimization, ML Basics."
S0261,0,"Focus more on these difficult topics: Optimization, ML Basics."
S0262,0,"Focus more on these difficult topics: Optimization, ML Basics."
S0263,1,"Increase class attendance and engagement levels. Focus more on these difficult topics: Optimization, ML Basics."
S0264,0,"Focus more on these difficult topics: Optimization, ML Basics."
S0265,0,"Focus more on these difficult topics: Optimization, ML Basics."
S0266,0,"Focus more on these difficult topics: Optimization, ML Basics."
S0267,0,"Focus more on these difficult topics: Optimization, ML Basics."
S0268,0,"Focus more on these difficult topics: Optimization, ML Basics."
S0269,1,"Increase class attendance and engagement levels. Focus more on these difficult topics: Optimization, ML Basics."
S0270,0,"Focus more on these difficult topics: Optimization, ML Basics."
S0271,0,"Focus more on these difficult topics: Optimization, ML Basics."
S0272,0,"Focus more on these difficult topics: Optimization, ML Basics."
S0273,0,"Focus more on these difficult topics: Optimization, ML Basics."
S0274,0,"Focus more on these difficult topics: Optimization, ML Basics."
S0275,0,"Focus more on these difficult topics: Optimization, ML Basics."
S0276,0,"Focus more on these difficult topics: Optimization, ML Basics."
S0277,1,"Increase class attendance and engagement levels. Focus more on these difficult topics: Optimization, ML Basics."
S0278,0,"Focus more on these difficult topics: Optimization, ML Basics."
S0279,0,"Focus more on these difficult topics: Optimization, ML Basics."
S0280,0,"Focus more on these difficult topics: Optimization, ML Basics."
S0281,1,"Increase class attendance and engagement levels. Focus more on these difficult topics: Optimization, ML Basics."
S0282,0,"Focus more on these difficult topics: Optimization, ML Basics."
S0283,1,"Increase class attendance and engagement levels. Focus more on these difficult topics: Optimization, ML Basics."
S0284,0,"Focus more on these difficult topics: Optimization, ML Basics."
S0285,0,"Focus more on these difficult topics: Optimization, ML Basics."
S0286,0,"Focus more on these difficult topics: Optimization, ML Basics."
S0287,0,"Focus more on these difficult topics: Optimization, ML Basics."
S0288,0,"Focus more on these difficult topics: Optimization, ML Basics."
S0289,0,"Focus more on these difficult topics: Optimization, ML Basics."
S0290,0,"Focus more on these difficult topics: Optimization, ML Basics."
S0291,1,"Increase class attendance and engagement levels. Focus more on these difficult topics: Optimization, ML Basics."
S0292,0,"Focus more on these difficult topics: Optimization, ML Basics."
S0293,0,"Focus more on these difficult topics: Optimization, ML Basics."
S0294,0,"Focus more on these difficult topics: Optimization, ML Basics."
S0295,0,"Focus more on these difficult topics: Optimization, ML Basics."
S0296,0,"Focus more on these difficult topics: Optimization, ML Basics."
S0297,0,"Focus more on these difficult topics: Optimization, ML Basics."
S0298,0,"Focus more on these difficult topics: Optimization, ML Basics."
S0299,0,"Focus more on these difficult topics: Optimization, ML Basics."
S0300,0,"Focus more on these difficult topics: Optimization, ML Basics."
S0301,1,"Increase class attendance and engagement levels. Focus more on these difficult topics: Optimization, ML Basics."
S0302,1,"Increase class attendance and engagement levels. Focus more on these difficult topics: Optimization, ML Basics."
S0303,0,"Focus more on these difficult topics: Optimization, ML Basics."
S0304,0,"Focus more on these difficult topics: Optimization, ML Basics."
S0305,0,"Focus more on these difficult topics: Optimization, ML Basics."
S0306,1,"Increase class attendance and engagement levels. Focus more on these difficult topics: Optimization, ML Basics."
S0307,0,"Focus more on these difficult topics: Optimization, ML Basics."
S0308,0,"Focus more on these difficult topics: Optimization, ML Basics."
S0309,0,"Focus more on these difficult topics: Optimization, ML Basics."
S0310,0,"Focus more on these difficult topics: Optimization, ML Basics."
S0311,0,"Focus more on these difficult topics: Optimization, ML Basics."
S0312,0,"Focus more on these difficult topics: Optimization, ML Basics."
S0313,0,"Focus more on these difficult topics: Optimization, ML Basics."
S0314,0,"Focus more on these difficult topics: Optimization, ML Basics."
S0315,0,"Focus more on these difficult topics: Optimization, ML Basics."
S0316,0,"Focus more on these difficult topics: Optimization, ML Basics."
S0317,1,"Increase class attendance and engagement levels. Focus more on these difficult topics: Optimization, ML Basics."
S0318,0,"Focus more on these difficult topics: Optimization, ML Basics."
S0319,1,"Increase class attendance and engagement levels. Focus more on these difficult topics: Optimization, ML Basics."
S0320,0,"Focus more on these difficult topics: Optimization, ML Basics."
S0321,0,"Focus more on these difficult topics: Optimization, ML Basics."
S0322,0,"Focus more on these difficult topics: Optimization, ML Basics."
S0323,0,"Focus more on these difficult topics: Optimization, ML Basics."
S0324,0,"Focus more on these difficult topics: Optimization, ML Basics."
S0325,0,"Focus more on these difficult topics: Optimization, ML Basics."
S0326,0,"Focus more on these difficult topics: Optimization, ML Basics."
S0327,1,"Increase class attendance and engagement levels. Focus more on these difficult topics: Optimization, ML Basics."
S0328,0,"Focus more on these difficult topics: Optimization, ML Basics."
S0329,0,"Focus more on these difficult topics: Optimization, ML Basics."
S0330,0,"Focus more on these difficult topics: Optimization, ML Basics."
S0331,0,"Focus more on these difficult topics: Optimization, ML Basics."
S0332,0,"Focus more on these difficult topics: Optimization, ML Basics."
S0333,1,"Increase class attendance and engagement levels. Focus more on these difficult topics: Optimization, ML Basics."
S0334,1,"Increase class attendance and engagement levels. Focus more on these difficult topics: Optimization, ML Basics."
S0335,0,"Focus more on these difficult topics: Optimization, ML Basics."
S0336,0,"Focus more on these difficult topics: Optimization, ML Basics."
S0337,1,"Increase class attendance and engagement levels. Focus more on these difficult topics: Optimization, ML Basics."
S0338,1,"Increase class attendance and engagement levels. Focus more on these difficult topics: Optimization, ML Basics."
S0339,0,"Focus more on these difficult topics: Optimization, ML Basics."
S0340,1,"Increase class attendance and engagement levels. Focus more on these difficult topics: Optimization, ML Basics."
S0341,0,"Focus more on these difficult topics: Optimization, ML Basics."
S0342,0,"Focus more on these difficult topics: Optimization, ML Basics."
S0343,0,"Focus more on these difficult topics: Optimization, ML Basics."
S0344,0,"Focus more on these difficult topics: Optimization, ML Basics."
S0345,0,"Focus more on these difficult topics: Optimization, ML Basics."
S0346,0,"Focus more on these difficult topics: Optimization, ML Basics."
S0347,0,"Focus more on these difficult topics: Optimization, ML Basics."
S0348,0,"Focus more on these difficult topics: Optimization, ML Basics."
S0349,0,"Focus more on these difficult topics: Optimization, ML Basics."
S0350,1,"Increase class attendance and engagement levels. Focus more on these difficult topics: Optimization, ML Basics."
S0351,0,"Focus more on these difficult topics: Optimization, ML Basics."
S0352,1,"Increase class attendance and engagement levels. Focus more on these difficult topics: Optimization, ML Basics."
S0353,0,"Focus more on these difficult topics: Optimization, ML Basics."
S0354,0,"Focus more on these difficult topics: Optimization, ML Basics."
S0355,1,"Increase class attendance and engagement levels. Focus more on these difficult topics: Optimization, ML Basics."
S0356,1,"Increase class attendance and engagement levels. Focus more on these difficult topics: Optimization, ML Basics."
S0357,0,"Focus more on these difficult topics: Optimization, ML Basics."
S0358,0,"Focus more on these difficult topics: Optimization, ML Basics."
S0359,0,"Focus more on these difficult topics: Optimization, ML Basics."
S0360,0,"Focus more on these difficult topics: Optimization, ML Basics."
S0361,1,"Increase class attendance and engagement levels. Focus more on these difficult topics: Optimization, ML Basics."
S0362,0,"Focus more on these difficult topics: Optimization, ML Basics."
S0363,0,"Focus more on these difficult topics: Optimization, ML Basics."
S0364,1,"Increase class attendance and engagement levels. Focus more on these difficult topics: Optimization, ML Basics."
S0365,0,"Focus more on these difficult topics: Optimization, ML Basics."
S0366,0,"Focus more on these difficult topics: Optimization, ML Basics."
S0367,0,"Focus more on these difficult topics: Optimization, ML Basics."
S0368,0,"Focus more on these difficult topics: Optimization, ML Basics."
S0369,0,"Focus more on these difficult topics: Optimization, ML Basics."
S0370,1,"Increase class attendance and engagement levels. Focus more on these difficult topics: Optimization, ML Basics."
S0371,0,"Focus more on these difficult topics: Optimization, ML Basics."
S0372,0,"Focus more on these difficult topics: Optimization, ML Basics."
S0373,0,"Focus more on these difficult topics: Optimization, ML Basics."
S0374,0,"Focus more on these difficult topics: Optimization, ML Basics."
S0375,0,"Focus more on these difficult topics: Optimization, ML Basics."
S0376,0,"Focus more on these difficult topics: Optimization, ML Basics."
S0377,0,"Focus more on these difficult topics: Optimization, ML Basics."
S0378,0,"Focus more on these difficult topics: Optimization, ML Basics."
S0379,1,"Increase class attendance and engagement levels. Focus more on these difficult topics: Optimization, ML Basics."
S0380,1,"Increase class attendance and engagement levels. Focus more on these difficult topics: Optimization, ML Basics."
S0381,0,"Focus more on these difficult topics: Optimization, ML Basics."
S0382,0,"Focus more on these difficult topics: Optimization, ML Basics."
S0383,0,"Focus more on these difficult topics: Optimization, ML Basics."
S0384,1,"Increase class attendance and engagement levels. Focus more on these difficult topics: Optimization, ML Basics."
S0385,1,"Increase class attendance and engagement levels. Focus more on these difficult topics: Optimization, ML Basics."
S0386,0,"Focus more on these difficult topics: Optimization, ML Basics."
S0387,1,"Increase class attendance and engagement levels. Focus more on these difficult topics: Optimization, ML Basics."
S0388,0,"Focus more on these difficult topics: Optimization, ML Basics."
S0389,0,"Focus more on these difficult topics: Optimization, ML Basics."
S0390,1,"Increase class attendance and engagement levels. Focus more on these difficult topics: Optimization, ML Basics."
S0391,1,"Increase class attendance and engagement levels. Focus more on these difficult topics: Optimization, ML Basics."
S0392,0,"Focus more on these difficult topics: Optimization, ML Basics."
S0393,0,"Focus more on these difficult topics: Optimization, ML Basics."
S0394,1,"Increase class attendance and engagement levels. Focus more on these difficult topics: Optimization, ML Basics."
S0395,1,"Increase class attendance and engagement levels. Focus more on these difficult topics: Optimization, ML Basics."
S0396,0,"Focus more on these difficult topics: Optimization, ML Basics."
S0397,0,"Focus more on these difficult topics: Optimization, ML Basics."
S0398,0,"Focus more on these difficult topics: Optimization, ML Basics."
S0399,1,"Increase class attendance and engagement levels. Focus more on these difficult topics: Optimization, ML Basics."
S0400,1,"Increase class attendance and engagement levels. Focus more on these difficult topics: Optimization, ML Basics."
S0401,0,"Focus more on these difficult topics: Optimization, ML Basics."
S0402,0,"Focus more on these difficult topics: Optimization, ML Basics."
S0403,0,"Focus more on these difficult topics: Optimization, ML Basics."
S0404,0,"Focus more on these difficult topics: Optimization, ML Basics."
S0405,0,"Focus more on these difficult topics: Optimization, ML Basics."
S0406,1,"Increase class attendance and engagement levels. Focus more on these difficult topics: Optimization, ML Basics."
S0407,0,"Focus more on these difficult topics: Optimization, ML Basics."
S0408,0,"Focus more on these difficult topics: Optimization, ML Basics."
S0409,0,"Focus more on these difficult topics: Optimization, ML Basics."
S0410,1,"Increase class attendance and engagement levels. Focus more on these difficult topics: Optimization, ML Basics."
S0411,0,"Focus more on these difficult topics: Optimization, ML Basics."
S0412,0,"Focus more on these difficult topics: Optimization, ML Basics."
S0413,0,"Focus more on these difficult topics: Optimization, ML Basics."
S0414,1,"Increase class attendance and engagement levels. Focus more on these difficult topics: Optimization, ML Basics."
S0415,0,"Focus more on these difficult topics: Optimization, ML Basics."
S0416,0,"Focus more on these difficult topics: Optimization, ML Basics."
S0417,1,"Increase class attendance and engagement levels. Focus more on these difficult topics: Optimization, ML Basics."
S0418,0,"Focus more on these difficult topics: Optimization, ML Basics."
S0419,0,"Focus more on these difficult topics: Optimization, ML Basics."
S0420,1,"Increase class attendance and engagement levels. Focus more on these difficult topics: Optimization, ML Basics."
S0421,1,"Increase class attendance and engagement levels. Focus more on these difficult topics: Optimization, ML Basics."
S0422,1,"Increase class attendance and engagement levels. Focus more on these difficult topics: Optimization, ML Basics."
S0423,0,"Focus more on these difficult topics: Optimization, ML Basics."
S0424,0,"Focus more on these difficult topics: Optimization, ML Basics."
S0425,1,"Increase class attendance and engagement levels. Focus more on these difficult topics: Optimization, ML Basics."
S0426,0,"Focus more on these difficult topics: Optimization, ML Basics."
S0427,0,"Focus more on these difficult topics: Optimization, ML Basics."
S0428,0,"Focus more on these difficult topics: Optimization, ML Basics."
S0429,0,"Focus more on these difficult topics: Optimization, ML Basics."
S0430,1,"Increase class attendance and engagement levels. Focus more on these difficult topics: Optimization, ML Basics."
S0431,0,"Focus more on these difficult topics: Optimization, ML Basics."
S0432,1,"Increase class attendance and engagement levels. Focus more on these difficult topics: Optimization, ML Basics."
S0433,1,"Increase class attendance and engagement levels. Focus more on these difficult topics: Optimization, ML Basics."
S0434,1,"Increase class attendance and engagement levels. Focus more on these difficult topics: Optimization, ML Basics."
S0435,1,"Increase class attendance and engagement levels. Focus more on these difficult topics: Optimization, ML Basics."
S0436,0,"Focus more on these difficult topics: Optimization, ML Basics."
S0437,0,"Focus more on these difficult topics: Optimization, ML Basics."
S0438,0,"Focus more on these difficult topics: Optimization, ML Basics."
S0439,1,"Increase class attendance and engagement levels. Focus more on these difficult topics: Optimization, ML Basics."
S0440,0,"Focus more on these difficult topics: Optimization, ML Basics."
S0441,0,"Focus more on these difficult topics: Optimization, ML Basics."
S0442,0,"Focus more on these difficult topics: Optimization, ML Basics."
S0443,0,"Focus more on these difficult topics: Optimization, ML Basics."
S0444,0,"Focus more on these difficult topics: Optimization, ML Basics."
S0445,0,"Focus more on these difficult topics: Optimization, ML Basics."
S0446,0,"Focus more on these difficult topics: Optimization, ML Basics."
S0447,0,"Focus more on these difficult topics: Optimization, ML Basics."
S0448,0,"Focus more on these difficult topics: Optimization, ML Basics."
S0449,0,"Focus more on these difficult topics: Optimization, ML Basics."
S0450,0,"Focus more on these difficult topics: Optimization, ML Basics."
S0451,0,"Focus more on these difficult topics: Optimization, ML Basics."
S0452,0,"Focus more on these difficult topics: Optimization, ML Basics."
S0453,0,"Focus more on these difficult topics: Optimization, ML Basics."
S0454,1,"Increase class attendance and engagement levels. Focus more on these difficult topics: Optimization, ML Basics."
S0455,0,"Focus more on these difficult topics: Optimization, ML Basics."
S0456,1,"Increase class attendance and engagement levels. Focus more on these difficult topics: Optimization, ML Basics."
S0457,0,"Focus more on these difficult topics: Optimization, ML Basics."
S0458,0,"Focus more on these difficult topics: Optimization, ML Basics."
S0459,1,"Increase class attendance and engagement levels. Focus more on these difficult topics: Optimization, ML Basics."
S0460,0,"Focus more on these difficult topics: Optimization, ML Basics."
S0461,0,"Focus more on these difficult topics: Optimization, ML Basics."
S0462,0,"Focus more on these difficult topics: Optimization, ML Basics."
S0463,0,"Focus more on these difficult topics: Optimization, ML Basics."
S0464,1,"Increase class attendance and engagement levels. Focus more on these difficult topics: Optimization, ML Basics."
S0465,1,"Increase class attendance and engagement levels. Focus more on these difficult topics: Optimization, ML Basics."
S0466,0,"Focus more on these difficult topics: Optimization, ML Basics."
S0467,0,"Focus more on these difficult topics: Optimization, ML Basics."
S0468,1,"Increase class attendance and engagement levels. Focus more on these difficult topics: Optimization, ML Basics."
S0469,0,"Focus more on these difficult topics: Optimization, ML Basics."
S0470,0,"Focus more on these difficult topics: Optimization, ML Basics."
S0471,0,"Focus more on these difficult topics: Optimization, ML Basics."
S0472,0,"Focus more on these difficult topics: Optimization, ML Basics."
S0473,0,"Focus more on these difficult topics: Optimization, ML Basics."
S0474,0,"Focus more on these difficult topics: Optimization, ML Basics."
S0475,0,"Focus more on these difficult topics: Optimization, ML Basics."
S0476,0,"Focus more on these difficult topics: Optimization, ML Basics."
S0477,0,"Focus more on these difficult topics: Optimization, ML Basics."
S0478,1,"Increase class attendance and engagement levels. Focus more on these difficult topics: Optimization, ML Basics."
S0479,0,"Focus more on these difficult topics: Optimization, ML Basics."
S0480,0,"Focus more on these difficult topics: Optimization, ML Basics."
S0481,1,"Increase class attendance and engagement levels. Focus more on these difficult topics: Optimization, ML Basics."
S0482,0,"Focus more on these difficult topics: Optimization, ML Basics."
S0483,1,"Increase class attendance and engagement levels. Focus more on these difficult topics: Optimization, ML Basics."
S0484,0,"Focus more on these difficult topics: Optimization, ML Basics."
S0485,0,"Focus more on these difficult topics: Optimization, ML Basics."
S0486,0,"Focus more on these difficult topics: Optimization, ML Basics."
S0487,0,"Focus more on these difficult topics: Optimization, ML Basics."
S0488,0,"Focus more on these difficult topics: Optimization, ML Basics."
S0489,1,"Increase class attendance and engagement levels. Focus more on these difficult topics: Optimization, ML Basics."
S0490,0,"Focus more on these difficult topics: Optimization, ML Basics."
S0491,0,"Focus more on these difficult topics: Optimization, ML Basics."
S0492,1,"Increase class attendance and engagement levels. Focus more on these difficult topics: Optimization, ML Basics."
S0493,0,"Focus more on these difficult topics: Optimization, ML Basics."
S0494,0,"Focus more on these difficult topics: Optimization, ML Basics."
S0495,1,"Increase class attendance and engagement levels. Focus more on these difficult topics: Optimization, ML Basics."
S0496,1,"Increase class attendance and engagement levels. Focus more on these difficult topics: Optimization, ML Basics."
S0497,1,"Increase class attendance and engagement levels. Focus more on these difficult topics: Optimization, ML Basics."
S0498,0,"Focus more on these difficult topics: Optimization, ML Basics."
S0499,0,"Focus more on these difficult topics: Optimization, ML Basics."
S0500,0,"Focus more on these difficult topics: Optimization, ML Basics."
